,symbol,timestamp,datetime,high,low,bid,bidVolume,ask,askVolume,vwap,open,close,last,previousClose,change,percentage,average,baseVolume,quoteVolume,info.symbol,info.rootSymbol,info.state,info.typ,info.listing,info.front,info.positionCurrency,info.underlying,info.quoteCurrency,info.underlyingSymbol,info.reference,info.referenceSymbol,info.maxOrderQty,info.maxPrice,info.lotSize,info.tickSize,info.multiplier,info.settlCurrency,info.underlyingToSettleMultiplier,info.isQuanto,info.isInverse,info.initMargin,info.maintMargin,info.riskLimit,info.riskStep,info.taxed,info.deleverage,info.makerFee,info.takerFee,info.settlementFee,info.fundingBaseSymbol,info.fundingQuoteSymbol,info.fundingPremiumSymbol,info.fundingTimestamp,info.fundingInterval,info.fundingRate,info.indicativeFundingRate,info.prevClosePrice,info.limitDownPrice,info.limitUpPrice,info.prevTotalVolume,info.totalVolume,info.volume,info.volume24h,info.prevTotalTurnover,info.totalTurnover,info.turnover,info.turnover24h,info.homeNotional24h,info.foreignNotional24h,info.prevPrice24h,info.vwap,info.highPrice,info.lowPrice,info.lastPrice,info.lastPriceProtected,info.lastTickDirection,info.lastChangePcnt,info.bidPrice,info.midPrice,info.askPrice,info.impactBidPrice,info.impactMidPrice,info.impactAskPrice,info.hasLiquidity,info.openInterest,info.openValue,info.fairMethod,info.fairBasisRate,info.fairBasis,info.fairPrice,info.markMethod,info.markPrice,info.indicativeSettlePrice,info.instantPnl,info.timestamp,info.minTick,info.capped,info.underlyingToPositionMultiplier,info.quoteToSettleMultiplier
0,BTC/USD:BTC,1715921240775,2024-05-17T04:47:20.775Z,66771.5,64570.5,65421.5,,65422.0,,65639.1945,65843.5,65421.5,65421.5,,-422.0,-0.6409136816846006,65632.5,4962.4181215300005,325727900.0,XBTUSD,XBT,Open,FFWCSX,2016-05-13T12:00:00.000Z,2016-05-13T12:00:00.000Z,USD,XBT,USD,XBT=,BMEX,.BXBT,10000000,1000000,100,0.5,-100000000,XBt,-100000000,False,True,0.01,0.005,20000000000,15000000000,True,True,0.0002,0.00075,0,.XBTBON8H,.USDBON8H,.XBTUSDPI8H,2024-05-17T12:00:00.000Z,2000-01-01T08:00:00.000Z,0.000034,-0.000112,66543.68,,,3796910253289,3796915669189,5415900,325727900,37559733138035879,37559741403287622,8265251743,496241812153,4962.4181215300005,325727900,65843.5,65639.1945,66771.5,64570.5,65421.5,65421.5,MinusTick,-0.0067,65421.5,65421.75,65422,65421.4779,65421.5,65421.9059,True,278369700,425137340628,FundingRate,0.03723,2.01,65477.41,FairPrice,65477.41,65475.4,True,2024-05-17T04:47:20.775Z,0.01,False,,
1,BTC/USDT:USDT,1715921243130,2024-05-17T04:47:23.130Z,66832.7,64590.0,65436.5,,65436.6,,65750.89,65851.1,65461.1,65461.1,,-390.0,-0.5922452320462376,65656.1,578.835,38058916.0023,XBTUSDT,XBT,Open,FFWCSX,2021-11-10T04:00:00.000Z,2021-11-10T04:00:00.000Z,XBT,XBT,USDT,XBTT=,BMEX,.BXBTT,1000000000,1000000,1000,0.1,1,USDt,,False,False,0.01,0.005,1000000000000,1000000000000,True,True,-0.00015,0.00075,0,.XBTBON8H,.USDTBON8H,.XBTUSDTPI8H,2024-05-17T12:00:00.000Z,2000-01-01T08:00:00.000Z,0.0001,0.0001,66524.29,,,912287989000,912293262000,5273000,578835000,29961560110757500,29961905574655600,345463898100,38058916002300,578.835,38058916.0023,65851.1,65750.89,66832.7,64590,65461.1,65461.1,MinusTick,-0.0059,65436.5,65436.55,65436.6,65422.373,65429.45,65436.601,True,136131000,8911584492300,FundingRate,0.1095,5.9,65463.3,FairPrice,65463.3,65457.4,True,2024-05-17T04:47:23.130Z,0.01,False,1000000,1000000
2,ETH/USD:BTC,1715921245882,2024-05-17T04:47:25.882Z,3030.75,2923.7,2951.25,,2951.3,,2962.71,3011.4,2951.25,2951.25,,-60.15,-1.997409842598127,2981.325,15617.325256615442,46272226.42822445,ETHUSD,ETH,Open,FFWCSX,2018-08-01T12:00:00.000Z,2018-08-01T12:00:00.000Z,,ETH,USD,ETH=,BMEX,.BETH,10000000,1000000,1,0.05,100,XBt,,True,False,0.01,0.005,7500000000,10000000000,True,True,0.0002,0.00075,0,.ETHBON8H,.USDBON8H,.ETHUSDPI8H,2024-05-17T12:00:00.000Z,2000-01-01T08:00:00.000Z,0.0001,0.0001,3008.61,,,184130146373,184130148857,2484,237804,4144631035334220,4144631769158640,733824420,70454275020,15617.325256615442,46272226.42822445,3011.4,2962.71,3030.75,2923.7,2951.25,2951.6,ZeroMinusTick,-0.02,2951.25,2951.275,2951.3,2951.25,2951.4,2951.57,True,334800,98786422800,FundingRate,0.1095,0.27,2950.61,FairPrice,2950.61,2950.34,True,2024-05-17T04:47:25.882Z,0.01,False,,1527
3,ETH/USDT:USDT,1715921248129,2024-05-17T04:47:28.129Z,3026.26,2922.48,2948.5,,2948.52,,2968.2841,3007.67,2947.9,2947.9,,-59.77,-1.9872525908759937,2977.785,1728.4799999999973,5130619.6256,ETHUSDT,ETH,Open,FFWCSX,2021-11-10T04:00:00.000Z,2021-11-10T04:00:00.000Z,ETH,ETH,USDT,ETHT=,BMEX,.BETHT,1000000000,1000000,1000,0.01,10,USDt,,False,False,0.01,0.005,1000000000000,1000000000000,True,True,-0.00015,0.00075,0,.ETHBON8H,.USDTBON8H,.ETHUSDTPI8H,2024-05-17T12:00:00.000Z,2000-01-01T08:00:00.000Z,0.0001,0.0001,3007.769,,,501596327000,501598560000,2233000,172848000,10285265668951900,10285331544145900,65875194000,5130619625600,1728.4799999999973,5130619.6256,3007.67,2968.2841,3026.26,2922.48,2947.9,2947.9,ZeroMinusTick,-0.0204,2948.5,2948.51,2948.52,2948.1938,2948.505,2948.8244,True,156073000,4603875690060,FundingRate,0.1095,0.266,2949.822,FairPrice,2949.822,2949.556,True,2024-05-17T04:47:28.129Z,0.001,False,100000,1000000
4,BTC/EUR:BTC,1715921250487,2024-05-17T04:47:30.487Z,61294.5,59487.0,60227.0,,60241.0,,60496.0678,60536.0,60282.5,60282.5,,-253.5,-0.4187590855028412,60409.25,4.7623194,288100.0,XBTEUR,XBT,Open,FFWCSX,2021-06-16T04:00:00.000Z,2021-06-16T04:00:00.000Z,EUR,XBT,EUR,XBTEUR=,BMEX,.BXBTEUR,10000000,1000000,100,0.5,-100000000,XBt,-100000000,False,True,0.02,0.01,5000000000,5000000000,True,True,0.0002,0.00075,0,.XBTBON8H,.EURBON8H,.XBTEURPI8H,2024-05-17T12:00:00.000Z,2000-01-01T08:00:00.000Z,0.0001,0.000067,61204.74,,,2614312900,2614314700,1800,288100,8140395395418,8140398378013,2982595,476231940,4.7623194,288100,60536,60496.0678,61294.5,59487,60282.5,60282.5,MinusTick,-0.0041,60227,60234,60241,60219.9232,60234.25,60248.9487,True,1180600,1958095936,FundingRate,0.1095,5.44,60293.29,FairPrice,60293.29,60289.89,True,2024-05-17T04:47:30.487Z,0.01,False,,
5,ETH/USD:BTC,1715921250775,2024-05-17T04:47:30.775Z,3030.75,2923.7,2951.05,,2951.1,,2962.71,3011.4,2951.25,2951.25,,-60.15,-1.997409842598127,2981.325,15617.325256615442,46272226.42822445,ETHUSD,ETH,Open,FFWCSX,2018-08-01T12:00:00.000Z,2018-08-01T12:00:00.000Z,,ETH,USD,ETH=,BMEX,.BETH,10000000,1000000,1,0.05,100,XBt,,True,False,0.01,0.005,7500000000,10000000000,True,True,0.0002,0.00075,0,.ETHBON8H,.USDBON8H,.ETHUSDPI8H,2024-05-17T12:00:00.000Z,2000-01-01T08:00:00.000Z,0.0001,0.0001,3008.61,,,184130146373,184130148877,2504,237804,4144631035334220,4144631775061140,739726920,70454275020,15617.325256615442,46272226.42822445,3011.4,2962.71,3030.75,2923.7,2951.25,2951.25,ZeroMinusTick,-0.02,2951.05,2951.075,2951.1,2951.05,2951.125,2951.24,True,334802,98785673714,FundingRate,0.1095,0.27,2950.57,FairPrice,2950.57,2950.3,True,2024-05-17T04:47:30.775Z,0.01,False,,1527
6,DOGE/USD:BTC,1715921254222,2024-05-17T04:47:34.222Z,0.15702,0.14854,0.15022,,0.15023,,0.15222,0.15662,0.15022,0.15022,,-0.0064,-4.086323585748946,0.15342,13172336.544150336,2005122.9373426018,DOGEUSD,DOGE,Open,FFWCSX,2021-09-29T04:00:00.000Z,2021-09-29T04:00:00.000Z,,DOGE,USD,DOGE=,BMEX,.BDOGE,5000000,1000,1,0.00001,100000,XBt,,True,False,0.02,0.01,5000000000,5000000000,True,True,0.0002,0.00075,0,.DOGEBON8H,.USDBON8H,.DOGEUSDPI8H,2024-05-17T12:00:00.000Z,2000-01-01T08:00:00.000Z,0.000314,0.000354,0.15526,,,1269533945,1269536761,2816,200293,13813003301538,13813045644922,42343384,3048669025,13172336.544150336,2005122.9373426018,0.15662,0.15222,0.15702,0.14854,0.15022,0.15023,MinusTick,-0.0409,0.15022,0.150225,0.15023,0.15015,0.150215,0.15028,True,651505,9780393060,FundingRate,0.34382999999999997,0.00004,0.15012,FairPrice,0.15012,0.15008,True,2024-05-17T04:47:34.222Z,0.00001,False,,1527
7,DOGE/USDT:USDT,1715921255764,2024-05-17T04:47:35.764Z,0.15712,0.14884,0.15019,,0.15022,,0.1529647,0.15665,0.15023,0.15023,,-0.00642,-4.0983083306734756,0.15344,12366470.0,1891631.7805000006,DOGEUSDT,DOGE,Open,FFWCSX,2021-11-10T04:00:00.000Z,2021-11-10T04:00:00.000Z,DOGE,DOGE,USDT,DOGET=,BMEX,.BDOGET,10000000000,1000,1000,0.00001,10000,USDt,,False,False,0.02,0.01,1000000000000,1000000000000,True,True,-0.00015,0.00075,0,.DOGEBON8H,.USDTBON8H,.DOGEUSDTPI8H,2024-05-17T12:00:00.000Z,2000-01-01T08:00:00.000Z,0.000186,0.0001,0.155226,,,1500065764000,1500072911000,7147000,1236647000,1521885743987000,1521896498452500,10754465500,1891631780500,12366470,1891631.7805000006,0.15665,0.1529647,0.15712,0.14884,0.15023,0.15023,PlusTick,-0.0412,0.15019,0.150205,0.15022,0.1501327,0.150205,0.1502784,True,9529190000,14299407222100,FundingRate,0.20367,0.000025,0.150059,FairPrice,0.150059,0.150034,True,2024-05-17T04:47:35.764Z,0.000001,False,100,1000000
8,SOL/USD:BTC,1715921258129,2024-05-17T04:47:38.129Z,164.83,156.78,161.79,,161.81,,161.73,163.06,161.84,161.84,,-1.22,-0.7481908499938672,162.45,59145.67465858831,9565163.260969218,SOLUSD,SOL,Open,FFWCSX,2021-10-20T04:00:00.000Z,2021-10-20T04:00:00.000Z,,SOL,USD,SOL=,BMEX,.BSOL,1000000,1000000,1,0.01,100,XBt,,True,False,0.02,0.01,5000000000,5000000000,True,True,0.0002,0.00075,0,.SOLBON8H,.USDBON8H,.SOLUSDPI8H,2024-05-17T12:00:00.000Z,2000-01-01T08:00:00.000Z,0.000177,0.000627,163.81,,,7890449000,7890787939,338939,900191,27175423910677,27180946708092,5522797415,14557601193,59145.67465858831,9565163.260969218,163.06,161.73,164.83,156.78,161.84,161.92,MinusTick,-0.0075,161.79,161.8,161.81,161.77,161.8,161.83,True,876950,14171512000,FundingRate,0.193815,0.03,161.6,FairPrice,161.6,161.57,True,2024-05-17T04:47:38.129Z,0.01,False,,1527
9,SOL/USDT:USDT,1715921260390,2024-05-17T04:47:40.390Z,164.7,156.62,161.43,,161.48,,161.35067,163.08,161.45,161.45,,-1.63,-0.9995094432180524,162.265,27208.4,4390093.393,SOLUSDT,SOL,Open,FFWCSX,2021-11-10T04:00:00.000Z,2021-11-10T04:00:00.000Z,SOL,SOL,USDT,SOLT=,BMEX,.BSOLT,1000000000,1000000,1000,0.01,100,USDt,,False,False,0.02,0.01,1000000000000,1000000000000,True,True,-0.00015,0.00075,0,.SOLBON8H,.USDTBON8H,.SOLUSDTPI8H,2024-05-17T12:00:00.000Z,2000-01-01T08:00:00.000Z,0.0001,0.0001,163.772,,,881685854000,881689177000,3323000,272084000,3043129414181000,3043183311498000,53897317000,4390093393000,27208.4,4390093.393,163.08,161.35067,164.7,156.62,161.45,161.64,ZeroMinusTick,-0.01,161.43,161.455,161.48,161.3879,161.45,161.51881,True,156903000,2534673823200,FundingRate,0.1095,0.015,161.544,FairPrice,161.544,161.442,True,2024-05-17T04:47:40.390Z,0.001,False,10000,1000000
10,LTC/USD:BTC,1715921260764,2024-05-17T04:47:40.764Z,83.34,81.48,82.18,,82.19,,82.36,82.68,82.15,82.15,,-0.53,-0.641025641025641,82.415,9711.807000611136,799806.0998485963,LTCUSD,LTC,Open,FFWCSX,2020-07-30T04:00:00.000Z,2020-07-30T04:00:00.000Z,,LTC,USD,LTC=,BMEX,.BLTC,100000000,1000000,1,0.01,200,XBt,,True,False,0.02,0.01,5000000000,5000000000,True,True,0.0002,0.00075,0,.LTCBON8H,.USDBON8H,.LTCUSDPI8H,2024-05-17T12:00:00.000Z,2000-01-01T08:00:00.000Z,0.000153,0.000187,82.33,,,1966625643,1966626167,524,73931,37304366803744,37304375409322,8605578,1217709266,9711.807000611136,799806.0998485963,82.68,82.36,83.34,81.48,82.15,82.15,PlusTick,-0.0071,82.18,82.185,82.19,82.155,82.18,82.21,True,145928,2397013328,FundingRate,0.16753500000000002,0.01,82.13,FairPrice,82.13,82.12,True,2024-05-17T04:47:40.764Z,0.005,False,,1527
11,LTC/USDT:USDT,1715921263129,2024-05-17T04:47:43.129Z,83.28,81.43,82.14,,82.15,,82.32208,82.61,82.08,82.08,,-0.53,-0.6415688173344631,82.345,4280.800000000002,352404.31100000005,LTCUSDT,LTC,Open,FFWCSX,2021-11-10T04:00:00.000Z,2021-11-10T04:00:00.000Z,LTC,LTC,USDT,LTCT=,BMEX,.BLTCT,1000000000,1000000,1000,0.01,100,USDt,,False,False,0.02,0.01,1000000000000,1000000000000,True,True,-0.00015,0.00075,0,.LTCBON8H,.USDTBON8H,.LTCUSDTPI8H,2024-05-17T12:00:00.000Z,2000-01-01T08:00:00.000Z,0.0001,0.0001,82.31,,,202817485000,202818264000,779000,42808000,1674072007524000,1674078400878000,6393354000,352404311000,4280.800000000002,352404.31100000005,82.61,82.32208,83.28,81.43,82.08,82.08,ZeroPlusTick,-0.0065,82.14,82.145,82.15,82.12147,82.155,82.18987,True,221190000,1816036257000,FundingRate,0.1095,0.007,82.103,FairPrice,82.103,82.096,True,2024-05-17T04:47:43.129Z,0.001,False,10000,1000000
12,LINK/USD:BTC,1715921265763,2024-05-17T04:47:45.763Z,16.082,13.573,15.875,,15.886,,15.089,14.0,15.905,15.905,,1.905,13.607142857142858,14.9525,119127.45370092976,1797226.946004273,LINKUSD,LINK,Open,FFWCSX,2021-10-20T04:00:00.000Z,2021-10-20T04:00:00.000Z,,LINK,USD,LINK=,BMEX,.BLINK,1000000,100000,1,0.001,1000,XBt,,True,False,0.02,0.01,5000000000,5000000000,True,True,0.0002,0.00075,0,.LINKBON8H,.USDBON8H,.LINKUSDPI8H,2024-05-17T12:00:00.000Z,2000-01-01T08:00:00.000Z,0.0001,0.0001,13.884,,,676606689,676611357,4668,182099,6750138216035,6750212630324,74414289,2747498177,119127.45370092976,1797226.946004273,14,15.089,16.082,13.573,15.905,15.905,PlusTick,0.1361,15.875,15.8805,15.886,15.867,15.8785,15.89,True,200138,3173788404,FundingRate,0.1095,0.001,15.858,FairPrice,15.858,15.857,True,2024-05-17T04:47:45.763Z,0.001,False,,1527
13,ADA/USD:BTC,1715921268129,2024-05-17T04:47:48.129Z,0.4663,0.4495,0.4656,,0.4658,,0.4581,0.4602,0.4662,0.4662,,0.006,1.303780964797914,0.4632,3180719.2516341056,1456757.5470678173,ADAUSD,ADA,Open,FFWCSX,2021-09-29T04:00:00.000Z,2021-09-29T04:00:00.000Z,,ADA,USD,ADA=,BMEX,.BADA,500000,10000,1,0.0001,10000,XBt,,True,False,0.03,0.015,5000000000,5000000000,True,True,0.0002,0.00075,0,.ADABON8H,.USDBON8H,.ADAUSDPI8H,2024-05-17T12:00:00.000Z,2000-01-01T08:00:00.000Z,0.000369,0.0001,0.4555,,,2071790751,2071829472,38721,484707,10388756957683,10388936365598,179407915,2219966836,3180719.2516341056,1456757.5470678173,0.4602,0.4581,0.4663,0.4495,0.4662,0.4662,MinusTick,0.013,0.4656,0.4657,0.4658,0.4655,0.4657,0.4659,True,961929,4483551069,FundingRate,0.40405500000000005,0.0002,0.4661,FairPrice,0.4661,0.4659,True,2024-05-17T04:47:48.129Z,0.0001,False,,1527
14,ADA/USDT:USDT,1715921270335,2024-05-17T04:47:50.335Z,0.4656,0.44970000000000004,0.4655,,0.4659,,0.4573657,0.4593,0.4659,0.4659,,0.0066,1.4369693011103852,0.4626,172780.0,79023.62999999999,ADAUSDT,ADA,Open,FFWCSX,2021-12-15T04:00:00.000Z,2021-12-15T04:00:00.000Z,ADA,ADA,USDT,ADAT=,BMEX,.BADAT,1000000000,10000,1000,0.0001,10000,USDt,,False,False,0.03,0.015,1000000000000,1000000000000,True,True,-0.00015,0.00075,0,.ADABON8H,.USDTBON8H,.ADAUSDTPI8H,2024-05-17T12:00:00.000Z,2000-01-01T08:00:00.000Z,0.0001,0.0001,0.45535,,,33014161000,33016294000,2133000,17278000,170792921600000,170802801871000,9880271000,79023630000,172780,79023.62999999999,0.4593,0.4573657,0.4656,0.44970000000000004,0.4659,0.4659,MinusTick,0.0144,0.4655,0.4657,0.4659,0.4649534,0.4655,0.4660713,True,437400000,2037452940000,FundingRate,0.1095,0.00004,0.46581,FairPrice,0.46581,0.46575,True,2024-05-17T04:47:50.335Z,0.00001,False,100,1000000
15,DOT/USD:BTC,1715921270763,2024-05-17T04:47:50.763Z,7.119,6.824,7.082,,7.084,,6.96,6.982,7.082,7.082,,0.1,1.4322543683758235,7.032,105244.67733510479,732365.3445561009,DOTUSD,DOT,Open,FFWCSX,2021-09-29T04:00:00.000Z,2021-09-29T04:00:00.000Z,,DOT,USD,DOT=,BMEX,.BDOT,1000000,100000,1,0.001,1000,XBt,,True,False,0.03,0.015,5000000000,5000000000,True,True,0.0002,0.00075,0,.DOTBON8H,.USDBON8H,.DOTUSDPI8H,2024-05-17T12:00:00.000Z,2000-01-01T08:00:00.000Z,0.000128,0.0001,6.911,,,498622534,498632653,10119,160206,3874854063939,3874925708237,71644298,1114847372,105244.67733510479,732365.3445561009,6.982,6.96,7.119,6.824,7.082,7.082,MinusTick,0.0139,7.082,7.083,7.084,7.079,7.083,7.087,True,246802,1746864556,FundingRate,0.14016,0.001,7.078,FairPrice,7.078,7.077,True,2024-05-17T04:47:50.763Z,0.001,False,,1527
16,DOT/USDT:USDT,1715921273130,2024-05-17T04:47:53.130Z,7.111,6.845,7.071,,7.086,,6.993368,6.986,7.111,7.111,,0.125,1.7892928714572,7.0485,1053.0,7364.016,DOTUSDT,DOT,Open,FFWCSX,2022-01-12T04:00:00.000Z,2022-01-12T04:00:00.000Z,DOT,DOT,USDT,DOTT=,BMEX,.BDOTT,1000000000,100000,1000,0.001,1000,USDt,,False,False,0.03,0.015,1000000000000,1000000000000,True,True,-0.00015,0.00075,0,.DOTBON8H,.USDTBON8H,.DOTUSDTPI8H,2024-05-17T12:00:00.000Z,2000-01-01T08:00:00.000Z,0.0001,0.0001,6.909,,,7269690000,7269977000,287000,1053000,68280994520000,68283033834000,2039314000,7364016000,1053,7364.016,6.986,6.993368,7.111,6.845,7.111,7.111,PlusTick,0.0179,7.071,7.0785,7.086,7.067881,7.0785,7.089284,True,57108000,404061943200,FundingRate,0.1095,0.0006,7.0754,FairPrice,7.0754,7.0748,True,2024-05-17T04:47:53.130Z,0.0001,False,1000,1000000
17,XRP/USD:BTC,1715921275763,2024-05-17T04:47:55.763Z,0.5233,0.5128,0.5173,,0.5174,,0.5178,0.5189,0.5173,0.5173,,-0.0016,-0.3083445750626324,0.5181,8180263.728531664,4235531.792189621,XRPUSD,XRP,Open,FFWCSX,2020-02-04T12:00:00.000Z,2020-02-04T12:00:00.000Z,,XRP,USD,XRP=,BMEX,.BXRP,100000000,1000,1,0.0001,20000,XBt,,True,False,0.02,0.01,5000000000,5000000000,True,True,0.0002,0.00075,0,.XRPBON8H,.USDBON8H,.XRPUSDPI8H,2024-05-17T12:00:00.000Z,2000-01-01T08:00:00.000Z,0.000113,0.0001,0.5191,,,22096765200,22096772620,7420,621924,162990859947274,162990936651790,76704516,6440286586,8180263.728531664,4235531.792189621,0.5189,0.5178,0.5233,0.5128,0.5173,0.5173,PlusTick,-0.0037,0.5173,0.51735,0.5174,0.5173,0.51735,0.5174,True,578260,5983834480,FundingRate,0.123735,0.00005,0.5174,FairPrice,0.5174,0.51735,True,2024-05-17T04:47:55.763Z,0.00005,False,,1527
18,XRP/USDT:USDT,1715921278129,2024-05-17T04:47:58.129Z,0.5218,0.5127,0.5169,,0.517,,0.5170583,0.5183,0.5168,0.5168,,-0.0015,-0.2894076789504148,0.51755,2374450.0,1227728.9079999994,XRPUSDT,XRP,Open,FFWCSX,2021-11-10T04:00:00.000Z,2021-11-10T04:00:00.000Z,XRP,XRP,USDT,XRPT=,BMEX,.BXRPT,1000000000,10000,1000,0.0001,10000,USDt,,False,False,0.02,0.01,1000000000000,1000000000000,True,True,-0.00015,0.00075,0,.XRPBON8H,.USDTBON8H,.XRPUSDTPI8H,2024-05-17T12:00:00.000Z,2000-01-01T08:00:00.000Z,0.0001,0.0001,0.51897,,,115620906000,115621125000,219000,237445000,657482123751000,657483254364000,1130613000,1227728908000,2374450,1227728.9079999994,0.5183,0.5170583,0.5218,0.5127,0.5168,0.5168,PlusTick,-0.0012,0.5169,0.51695,0.517,0.5166968,0.5169,0.5171778,True,155459000,804096131600,FundingRate,0.1095,0.00005,0.51724,FairPrice,0.51724,0.51719,True,2024-05-17T04:47:58.129Z,0.00001,False,100,1000000
19,AVAX/USD:BTC,1715921280357,2024-05-17T04:48:00.357Z,35.02,33.782,34.783,,34.789,,34.461,34.806,34.786,34.786,,-0.02,-0.0574613572372579,34.796,44955.251506050474,1549207.3729678527,AVAXUSD,AVAX,Open,FFWCSX,2021-09-29T04:00:00.000Z,2021-09-29T04:00:00.000Z,,AVAX,USD,AVAX=,BMEX,.BAVAX,500000,100000,1,0.001,1000,XBt,,True,False,0.05,0.025,5000000000,5000000000,True,True,0.0002,0.00075,0,.AVAXBON8H,.USDBON8H,.AVAXUSDPI8H,2024-05-17T12:00:00.000Z,2000-01-01T08:00:00.000Z,0.000263,0.0001,34.641,,,107913836,107914538,702,68102,3073218892398,3073243339903,24447505,2346823941,44955.251506050474,1549207.3729678527,34.806,34.461,35.02,33.782,34.786,34.786,ZeroMinusTick,-0.0007,34.783,34.786,34.789,34.78,34.794,34.808,True,68056,2366579344,FundingRate,0.287985,0.008,34.774,FairPrice,34.774,34.767,True,2024-05-17T04:48:00.357Z,0.001,False,,1528
20,AVAX/USDT:USDT,1715921280755,2024-05-17T04:48:00.755Z,34.928,33.925,34.781,,34.82,,34.53331,34.644,34.791,34.791,,0.147,0.4243158988569449,34.7175,200.7,6930.833599999998,AVAXUSDT,AVAX,Open,FFWCSX,2022-02-23T04:00:00.000Z,2022-02-23T04:00:00.000Z,AVAX,AVAX,USDT,AVAXT=,BMEX,.BAVAXT,1000000000,100000,1000,0.001,100,USDt,,False,False,0.05,0.025,1000000000000,1000000000000,True,True,-0.00015,0.00075,0,.AVAXBON8H,.USDTBON8H,.AVAXUSDTPI8H,2024-05-17T12:00:00.000Z,2000-01-01T08:00:00.000Z,0.0001,0.0001,34.6327,,,53361246000,53361286000,40000,2007000,147456660640600,147456799804600,139164000,6930833600,200.7,6930.833599999998,34.644,34.53331,34.928,33.925,34.791,34.791,PlusTick,0.0042,34.781,34.8005,34.82,34.78101,34.807,34.83305,True,203718000,708144139800,FundingRate,0.1095,0.0031,34.761,FairPrice,34.761,34.7579,True,2024-05-17T04:48:00.755Z,0.0001,False,10000,1000000
21,MATIC/USDT:USDT,1715921283129,2024-05-17T04:48:03.129Z,0.6997,0.667,0.6952,,0.6955,,0.6800237,0.6872,0.6967,0.6967,,0.0095,1.3824214202561118,0.69195,2291970.0,1558593.8150000004,MATICUSDT,MATIC,Open,FFWCSX,2022-01-12T04:00:00.000Z,2022-01-12T04:00:00.000Z,MATIC,MATIC,USDT,MATICT=,BMEX,.BMATICT,1000000000,10000,1000,0.0001,10000,USDt,,False,False,0.05,0.025,1000000000000,1000000000000,True,True,-0.00015,0.00075,0,.MATICBON8H,.USDTBON8H,.MATICUSDTPI8H,2024-05-17T12:00:00.000Z,2000-01-01T08:00:00.000Z,0.0001,0.0001,0.6859,,,87130264000,87130783000,519000,229197000,778104229400000,778107837466000,3608066000,1558593815000,2291970,1558593.8150000004,0.6872,0.6800237,0.6997,0.667,0.6967,0.6967,PlusTick,0.0129,0.6952,0.69535,0.6955,0.6950037,0.69545,0.6959113,True,324044000,2252365035200,FundingRate,0.1095,0.00006,0.69508,FairPrice,0.69508,0.69502,True,2024-05-17T04:48:03.129Z,0.00001,False,100,1000000
22,BCH/USD:BTC,1715921285751,2024-05-17T04:48:05.751Z,459.65,442.8,446.45,,446.6,,448.46,458.05,446.85,446.85,,-11.2,-2.445147909616854,452.45,1889.6476082290114,847449.0745766433,BCHUSD,BCH,Open,FFWCSX,2020-06-16T04:00:00.000Z,2020-06-16T04:00:00.000Z,,BCH,USD,BCH=,BMEX,.BBCH,100000000,1000000,1,0.05,100,XBt,,True,False,0.02,0.01,5000000000,5000000000,True,True,0.0002,0.00075,0,.BCHBON8H,.USDBON8H,.BCHUSDPI8H,2024-05-17T12:00:00.000Z,2000-01-01T08:00:00.000Z,0.0001,0.0001,454.52,,,1442072590,1442073788,1198,28763,45850605757520,45850659207465,53449945,1289870760,1889.6476082290114,847449.0745766433,458.05,448.46,459.65,442.8,446.85,446.85,PlusTick,-0.0246,446.45,446.525,446.6,446.28,446.5,446.72,True,62513,2789580112,FundingRate,0.1095,0.04,446.24,FairPrice,446.24,446.2,True,2024-05-17T04:48:05.751Z,0.01,False,,1528
23,BCH/USDT:USDT,1715921288129,2024-05-17T04:48:08.129Z,459.05,442.25,445.5,,445.75,,447.3881,457.05,446.05,446.05,,-11.0,-2.406738868832732,451.55,674.52,301772.144,BCHUSDT,BCH,Open,FFWCSX,2021-11-10T04:00:00.000Z,2021-11-10T04:00:00.000Z,BCH,BCH,USDT,BCHT=,BMEX,.BBCHT,1000000000,1000000,1000,0.05,10,USDt,,False,False,0.02,0.01,1000000000000,1000000000000,True,True,-0.00015,0.00075,0,.BCHBON8H,.USDTBON8H,.BCHUSDTPI8H,2024-05-17T12:00:00.000Z,2000-01-01T08:00:00.000Z,0.0001,0.0001,454.408,,,150657455000,150658519000,1064000,67452000,349595251833500,349599991214000,4739380500,301772144000,674.52,301772.144,457.05,447.3881,459.05,442.25,446.05,446.05,PlusTick,-0.0241,445.5,445.625,445.75,445.1943,445.525,445.8941,True,99113000,442157959950,FundingRate,0.1095,0.04,446.115,FairPrice,446.115,446.075,True,2024-05-17T04:48:08.129Z,0.001,False,100000,1000000
24,SUI/USD:BTC,1715921290322,2024-05-17T04:48:10.322Z,1.073,0.99,1.045,,1.047,,1.036,0.992,1.048,1.048,,0.056,5.645161290322581,1.02,860850.4829067462,890904.0272186154,SUIUSD,SUI,Open,FFWCSX,2023-05-03T12:00:00.000Z,2023-05-03T12:00:00.000Z,,SUI,USD,SUI=,BMEX,.BSUI,500000,10000,1,0.001,1000,XBt,,True,False,0.03,0.015,5000000000,5000000000,True,True,0.0002,0.00075,0,.SUIBON8H,.USDBON8H,.SUIUSDPI8H,2024-05-17T12:00:00.000Z,2000-01-01T08:00:00.000Z,0.0001,0.0001,1.045,,,1723415234,1723450230,34996,1306490,1341444610631,1341481330436,36719805,1352058485,860850.4829067462,890904.0272186154,0.992,1.036,1.073,0.99,1.048,1.048,ZeroMinusTick,0.0565,1.045,1.046,1.047,1.045,1.0465,1.048,True,903823,946302681,FundingRate,0.1095,0,1.047,FairPrice,1.047,1.046,True,2024-05-17T04:48:10.322Z,0.001,False,,1528
25,SUI/USDT:USDT,1715921290751,2024-05-17T04:48:10.751Z,1.071,0.986,1.043,,1.045,,1.03852,0.987,1.048,1.048,,0.061,6.180344478216819,1.0175,164295.6,170622.9265,SUIUSDT,SUI,Open,FFWCSX,2023-05-03T12:00:00.000Z,2023-05-03T12:00:00.000Z,SUI,SUI,USDT,SUIT=,BMEX,.BSUIT,1000000000,10000,100,0.001,1000,USDt,,False,False,0.03,0.015,1000000000000,1000000000000,True,True,-0.00015,0.00075,0,.SUIBON8H,.USDTBON8H,.SUIUSDTPI8H,2024-05-17T12:00:00.000Z,2000-01-01T08:00:00.000Z,0.0001,0.0001,1.0451,,,110198764400,110205075000,6310600,164295600,94389489430700,94396120539200,6631108500,170622926500,164295.6,170622.9265,0.987,1.03852,1.071,0.986,1.048,1.048,PlusTick,0.0618,1.043,1.044,1.045,1.04156,1.044,1.04667,True,169219500,177003597000,FundingRate,0.1095,0.0001,1.046,FairPrice,1.046,1.0459,True,2024-05-17T04:48:10.751Z,0.0001,False,1000,1000000
26,BNB/USD:BTC,1715921293129,2024-05-17T04:48:13.129Z,585.93,565.32,570.57,,570.6,,574.81,582.87,570.51,570.51,,-12.36,-2.1205414586442948,576.69,902.4092210843883,518730.470030771,BNBUSD,BNB,Open,FFWCSX,2021-09-29T04:00:00.000Z,2021-09-29T04:00:00.000Z,,BNB,USD,BNB=,BMEX,.BBNB,1000000,1000000,1,0.01,100,XBt,,True,False,0.02,0.01,5000000000,5000000000,True,True,0.0002,0.00075,0,.BNBBON8H,.USDBON8H,.BNBUSDPI8H,2024-05-17T12:00:00.000Z,2000-01-01T08:00:00.000Z,-0.000053,-0.000034,583.05,,,180816013,180816771,758,13711,5731780783894,5731824072691,43288797,788113239,902.4092210843883,518730.470030771,582.87,574.81,585.93,565.32,570.51,570.51,MinusTick,-0.0219,570.57,570.585,570.6,570.31,570.51,570.71,True,72380,4133042760,FundingRate,-0.058035,-0.03,571.02,FairPrice,571.02,571.05,True,2024-05-17T04:48:13.129Z,0.01,False,,1528
27,BNB/USDT:USDT,1715921295751,2024-05-17T04:48:15.751Z,584.85,565.91,569.67,,570.54,,573.74883,583.39,569.94,569.94,,-13.45,-2.305490323797117,576.665,282.1,161854.542,BNBUSDT,BNB,Open,FFWCSX,2021-12-15T04:00:00.000Z,2021-12-15T04:00:00.000Z,BNB,BNB,USDT,BNBT=,BMEX,.BBNBT,1000000000,1000000,1000,0.01,100,USDt,,False,False,0.02,0.01,1000000000000,1000000000000,True,True,-0.00015,0.00075,0,.BNBBON8H,.USDTBON8H,.BNBUSDTPI8H,2024-05-17T12:00:00.000Z,2000-01-01T08:00:00.000Z,0.0001,0.0001,582.9,,,2773972000,2773972000,0,2821000,88558184287000,88558184287000,0,161854542000,282.1,161854.542,583.39,573.74883,584.85,565.91,569.94,569.94,PlusTick,-0.0216,569.67,570.105,570.54,568.73043,570.295,571.8659,True,16803000,959368965300,FundingRate,0.1095,0.051,570.951,FairPrice,570.951,570.9,True,2024-05-17T04:48:15.751Z,0.001,False,10000,1000000
